-- phpMyAdmin SQL Dump
-- version 5.2.1
-- https://www.phpmyadmin.net/
--
-- Host: 127.0.0.1
-- Creato il: Apr 27, 2026 alle 11:46
-- Versione del server: 10.4.32-MariaDB
-- Versione PHP: 8.2.12

SET SQL_MODE = "NO_AUTO_VALUE_ON_ZERO";
START TRANSACTION;
SET time_zone = "+00:00";


/*!40101 SET @OLD_CHARACTER_SET_CLIENT=@@CHARACTER_SET_CLIENT */;
/*!40101 SET @OLD_CHARACTER_SET_RESULTS=@@CHARACTER_SET_RESULTS */;
/*!40101 SET @OLD_COLLATION_CONNECTION=@@COLLATION_CONNECTION */;
/*!40101 SET NAMES utf8mb4 */;

--
-- Database: `scoremaps`
--

-- --------------------------------------------------------

--
-- Struttura della tabella `risultato`
--

CREATE TABLE `risultato` (
  `id` int(11) NOT NULL,
  `id_squadra1` int(11) NOT NULL,
  `id_squadra2` int(11) NOT NULL,
  `punteggio_sq1` int(11) NOT NULL,
  `punteggio_sq2` int(11) NOT NULL,
  `vincitore` int(11) NOT NULL
) ENGINE=InnoDB DEFAULT CHARSET=utf8mb4 COLLATE=utf8mb4_general_ci;

--
-- Dump dei dati per la tabella `risultato`
--

INSERT INTO `risultato` (`id`, `id_squadra1`, `id_squadra2`, `punteggio_sq1`, `punteggio_sq2`, `vincitore`) VALUES
(1, 2, 5, 71, 74, 5),
(2, 7, 20, 76, 71, 7),
(3, 13, 3, 100, 102, 3),
(4, 8, 21, 109, 69, 8),
(5, 4, 16, 82, 75, 4),
(6, 6, 9, 102, 105, 9),
(7, 1, 11, 105, 88, 1),
(8, 9, 2, 61, 94, 2),
(9, 3, 8, 72, 63, 3),
(10, 20, 1, 80, 82, 1),
(11, 11, 14, 79, 84, 14),
(12, 21, 7, 83, 78, 21),
(13, 16, 6, 79, 75, 16),
(14, 5, 13, 107, 95, 5),
(15, 4, 14, 102, 66, 4),
(16, 6, 2, 72, 76, 2),
(17, 8, 5, 89, 75, 8),
(18, 7, 9, 103, 79, 7),
(19, 13, 11, 79, 86, 11),
(20, 20, 3, 72, 81, 3),
(21, 1, 16, 69, 86, 16),
(22, 9, 8, 74, 85, 8),
(23, 2, 4, 101, 88, 2),
(24, 3, 21, 104, 94, 3),
(25, 11, 7, 95, 87, 11),
(26, 14, 20, 92, 85, 14),
(27, 1, 6, 90, 71, 1),
(28, 16, 13, 96, 79, 16),
(29, 6, 20, 70, 88, 20),
(30, 8, 1, 83, 102, 1),
(31, 13, 14, 100, 107, 14),
(32, 21, 16, 91, 83, 21),
(33, 4, 9, 86, 75, 4),
(34, 7, 2, 61, 93, 2),
(35, 5, 11, 87, 76, 5),
(36, 9, 1, 77, 83, 1),
(37, 3, 2, 98, 92, 3),
(38, 6, 21, 100, 84, 6),
(39, 16, 8, 92, 83, 16),
(40, 20, 4, 87, 94, 4),
(41, 7, 13, 88, 89, 13),
(42, 14, 5, 91, 81, 14),
(43, 3, 14, 98, 75, 3),
(44, 2, 13, 87, 63, 2),
(45, 8, 11, 87, 93, 11),
(46, 5, 9, 90, 87, 5),
(47, 1, 7, 80, 78, 1),
(48, 4, 6, 89, 76, 4),
(49, 21, 20, 90, 85, 21),
(50, 20, 5, 90, 94, 5),
(51, 16, 14, 113, 94, 16),
(52, 6, 8, 89, 88, 6),
(53, 9, 21, 91, 82, 9),
(54, 7, 4, 79, 89, 4),
(55, 11, 3, 72, 85, 3),
(56, 13, 1, 79, 101, 1),
(57, 3, 16, 83, 72, 3),
(58, 8, 13, 81, 68, 8),
(59, 14, 2, 86, 82, 14),
(60, 9, 20, 59, 66, 20),
(61, 5, 4, 90, 98, 4),
(62, 21, 1, 77, 89, 1),
(63, 11, 6, 86, 75, 11),
(64, 6, 14, 85, 80, 6),
(65, 7, 3, 87, 93, 3),
(66, 20, 11, 78, 71, 20),
(67, 4, 21, 101, 95, 4),
(68, 2, 8, 94, 90, 2),
(69, 16, 9, 79, 87, 9),
(70, 1, 5, 92, 77, 1),
(71, 14, 7, 92, 82, 14),
(72, 8, 4, 96, 90, 8),
(73, 5, 6, 118, 113, 5),
(74, 3, 9, 102, 94, 3),
(75, 11, 16, 102, 76, 11),
(76, 13, 21, 86, 81, 13),
(77, 2, 1, 74, 63, 2),
(78, 21, 2, 89, 94, 2),
(79, 4, 11, 106, 96, 4),
(80, 20, 13, 86, 79, 20),
(81, 16, 5, 71, 76, 5),
(82, 7, 8, 77, 68, 7),
(83, 9, 14, 84, 69, 9),
(84, 1, 3, 86, 76, 1),
(85, 8, 20, 75, 82, 20),
(86, 3, 4, 104, 93, 3),
(87, 13, 6, 89, 92, 6),
(88, 5, 7, 81, 67, 5),
(89, 11, 21, 98, 86, 11),
(90, 2, 16, 91, 74, 2),
(91, 14, 1, 66, 74, 1),
(92, 9, 11, 84, 80, 9),
(93, 6, 3, 93, 86, 6),
(94, 8, 14, 89, 87, 8),
(95, 16, 7, 71, 67, 16),
(96, 2, 20, 85, 84, 2),
(97, 21, 5, 79, 85, 5),
(98, 4, 13, 87, 66, 4),
(99, 20, 7, 85, 80, 20),
(100, 3, 13, 108, 83, 3),
(101, 21, 8, 84, 100, 8),
(102, 16, 4, 84, 93, 4),
(103, 9, 6, 88, 84, 9),
(104, 11, 1, 73, 95, 1),
(105, 5, 2, 75, 87, 2),
(106, 2, 9, 96, 85, 2),
(107, 8, 3, 95, 103, 3),
(108, 1, 20, 83, 77, 1),
(109, 14, 11, 93, 86, 14),
(110, 7, 21, 96, 80, 7),
(111, 6, 16, 92, 91, 6),
(112, 13, 5, 74, 106, 5),
(113, 14, 4, 85, 78, 14),
(114, 2, 6, 94, 81, 2),
(115, 5, 8, 93, 87, 5),
(116, 9, 7, 84, 82, 9),
(117, 11, 13, 95, 101, 13),
(118, 3, 20, 94, 84, 3),
(119, 16, 1, 74, 90, 1),
(120, 5, 20, 79, 80, 20),
(121, 21, 4, 81, 86, 4),
(122, 2, 3, 81, 90, 3),
(123, 6, 16, 104, 86, 6),
(124, 14, 13, 84, 76, 14),
(125, 9, 7, 61, 76, 7),
(126, 1, 8, 85, 87, 8),
(127, 16, 21, 89, 87, 16),
(128, 11, 4, 64, 79, 4),
(129, 8, 9, 84, 78, 8),
(130, 5, 14, 104, 99, 5),
(131, 20, 6, 92, 79, 20),
(132, 3, 1, 79, 87, 1),
(133, 13, 2, 71, 76, 2),
(134, 9, 3, 98, 96, 9),
(135, 14, 11, 110, 84, 14),
(136, 6, 5, 82, 89, 5),
(137, 4, 7, 79, 81, 7),
(138, 21, 8, 108, 91, 21),
(139, 1, 20, 90, 86, 1),
(140, 16, 2, 67, 86, 2),
(141, 8, 6, 96, 99, 6),
(142, 7, 14, 97, 61, 7),
(143, 11, 1, 71, 90, 1),
(144, 13, 4, 90, 91, 4),
(145, 20, 9, 81, 92, 9),
(146, 5, 16, 85, 78, 5),
(147, 2, 21, 88, 86, 2),
(148, 4, 20, 101, 94, 4),
(149, 14, 8, 84, 78, 14),
(150, 6, 7, 99, 102, 7),
(151, 9, 13, 91, 86, 9),
(152, 21, 11, 94, 77, 21),
(153, 16, 3, 78, 79, 3),
(154, 1, 2, 104, 94, 1),
(155, 2, 6, 99, 87, 2),
(156, 14, 4, 78, 84, 4),
(157, 5, 21, 100, 73, 5),
(158, 8, 3, 77, 85, 3),
(159, 11, 9, 104, 75, 11),
(160, 13, 16, 97, 94, 13),
(161, 7, 1, 84, 70, 7),
(162, 9, 5, 97, 87, 9),
(163, 4, 8, 87, 106, 8),
(164, 16, 11, 88, 81, 16),
(165, 6, 13, 103, 108, 13),
(166, 20, 2, 86, 83, 20),
(167, 21, 14, 97, 76, 21),
(168, 3, 7, 92, 101, 7),
(169, 3, 11, 100, 85, 3),
(170, 14, 9, 90, 89, 14),
(171, 13, 5, 91, 86, 13),
(172, 16, 20, 82, 73, 16),
(173, 21, 6, 80, 78, 21),
(174, 2, 7, 80, 76, 2),
(175, 1, 4, 82, 86, 4),
(176, 7, 16, 96, 78, 7),
(177, 4, 3, 74, 89, 3),
(178, 20, 14, 70, 89, 14),
(179, 9, 6, 91, 90, 9),
(180, 5, 8, 103, 84, 5),
(181, 11, 13, 88, 71, 11),
(182, 1, 21, 89, 79, 1),
(183, 8, 7, 82, 90, 7),
(184, 13, 20, 92, 82, 13),
(185, 5, 1, 69, 74, 1),
(186, 2, 11, 125, 97, 2),
(187, 6, 4, 79, 98, 4),
(188, 14, 3, 82, 86, 3),
(189, 21, 9, 100, 96, 21),
(190, 20, 21, 95, 83, 20),
(191, 11, 8, 84, 74, 11),
(192, 4, 2, 85, 90, 2),
(193, 9, 16, 84, 75, 9),
(194, 7, 5, 88, 69, 7),
(195, 1, 14, 95, 81, 1),
(196, 3, 13, 90, 99, 13),
(197, 25, 32, 2, 3, 32),
(198, 35, 34, 1, 3, 34),
(199, 28, 33, 1, 3, 33),
(200, 22, 29, 2, 3, 29),
(201, 30, 23, 3, 0, 30),
(202, 31, 27, 0, 3, 27),
(203, 24, 26, 2, 3, 26),
(204, 34, 22, 3, 1, 34),
(205, 32, 26, 3, 0, 32),
(206, 27, 25, 3, 1, 27),
(207, 24, 35, 0, 3, 35),
(208, 29, 28, 2, 3, 28),
(209, 23, 31, 3, 0, 23),
(210, 33, 30, 3, 2, 33),
(211, 27, 33, 3, 0, 27),
(212, 28, 24, 3, 2, 28),
(213, 25, 23, 3, 2, 25),
(214, 22, 35, 3, 1, 22),
(215, 30, 29, 3, 1, 30),
(216, 31, 32, 0, 3, 32),
(217, 26, 34, 3, 0, 26),
(218, 23, 27, 2, 3, 27),
(219, 33, 25, 3, 0, 33),
(220, 35, 26, 1, 3, 26),
(221, 34, 28, 3, 2, 34),
(222, 29, 31, 3, 0, 29),
(223, 24, 22, 3, 1, 24),
(224, 32, 30, 3, 1, 32),
(225, 26, 22, 2, 3, 22),
(226, 33, 23, 3, 0, 33),
(227, 27, 32, 0, 3, 32),
(228, 31, 34, 0, 3, 34),
(229, 25, 29, 3, 0, 25),
(230, 28, 35, 2, 3, 35),
(231, 30, 24, 3, 0, 30),
(232, 34, 25, 3, 1, 34),
(233, 35, 27, 1, 3, 27),
(234, 32, 33, 3, 1, 32),
(235, 26, 28, 3, 2, 26),
(236, 29, 23, 3, 1, 29),
(237, 22, 30, 0, 3, 30),
(238, 24, 31, 3, 0, 24),
(239, 23, 32, 1, 3, 32),
(240, 30, 35, 3, 0, 30),
(241, 27, 34, 2, 3, 34),
(242, 25, 24, 1, 3, 24),
(243, 29, 33, 1, 3, 33),
(244, 28, 22, 3, 0, 28),
(245, 31, 26, 3, 0, 31),
(246, 33, 24, 3, 0, 33),
(247, 34, 23, 3, 0, 34),
(248, 32, 29, 3, 1, 32),
(249, 35, 25, 3, 1, 35),
(250, 22, 27, 3, 2, 22),
(251, 26, 30, 1, 3, 30),
(252, 28, 31, 3, 1, 28),
(253, 34, 33, 3, 0, 34),
(254, 30, 28, 3, 1, 30),
(255, 25, 26, 3, 0, 25),
(256, 31, 35, 2, 3, 35),
(257, 23, 22, 2, 3, 22),
(258, 27, 29, 3, 2, 27),
(259, 24, 32, 0, 3, 32),
(260, 30, 27, 2, 3, 27),
(261, 32, 34, 3, 1, 32),
(262, 28, 25, 0, 3, 25),
(263, 35, 23, 0, 3, 23),
(264, 26, 33, 0, 3, 33),
(265, 29, 24, 3, 1, 29),
(266, 22, 31, 1, 3, 31),
(267, 27, 24, 3, 0, 27),
(268, 32, 28, 3, 0, 32),
(269, 31, 30, 0, 3, 30),
(270, 25, 22, 3, 1, 25),
(271, 33, 35, 3, 1, 33),
(272, 34, 29, 3, 0, 34),
(273, 23, 26, 3, 2, 23),
(274, 26, 27, 0, 3, 27),
(275, 22, 32, 0, 3, 32),
(276, 35, 29, 2, 3, 29),
(277, 30, 25, 3, 1, 30),
(278, 31, 33, 0, 3, 33),
(279, 28, 23, 0, 3, 23),
(280, 24, 34, 0, 3, 34),
(281, 35, 32, 0, 3, 32),
(282, 34, 30, 3, 0, 34),
(283, 24, 23, 3, 2, 24),
(284, 27, 28, 3, 0, 27),
(285, 25, 31, 3, 1, 25),
(286, 33, 22, 3, 0, 33),
(287, 29, 26, 3, 1, 29),
(288, 32, 25, 3, 2, 32),
(289, 34, 35, 3, 1, 34),
(290, 33, 28, 3, 0, 33),
(291, 29, 22, 3, 2, 29),
(292, 27, 31, 3, 1, 27),
(293, 26, 24, 3, 2, 26),
(294, 23, 30, 2, 3, 30),
(295, 26, 32, 0, 3, 32),
(296, 30, 33, 3, 0, 30),
(297, 25, 27, 2, 3, 27),
(298, 35, 24, 2, 3, 24),
(299, 22, 34, 0, 3, 34),
(300, 28, 29, 1, 3, 29),
(301, 31, 23, 3, 1, 31),
(302, 33, 27, 3, 1, 33),
(303, 29, 30, 3, 1, 29),
(304, 23, 25, 3, 0, 23),
(305, 35, 22, 3, 0, 35),
(306, 24, 28, 2, 3, 28),
(307, 32, 31, 3, 0, 32),
(308, 34, 26, 3, 0, 34),
(309, 31, 29, 0, 3, 29),
(310, 26, 35, 3, 1, 26),
(311, 22, 24, 2, 3, 24),
(312, 27, 23, 3, 2, 27),
(313, 25, 33, 1, 3, 33),
(314, 28, 34, 0, 3, 34),
(315, 30, 32, 3, 1, 30),
(316, 24, 30, 0, 3, 30),
(317, 22, 26, 0, 3, 26),
(318, 29, 25, 3, 0, 29),
(319, 35, 28, 1, 3, 28),
(320, 23, 33, 2, 3, 33),
(321, 34, 31, 3, 0, 34),
(322, 32, 27, 3, 1, 32),
(323, 27, 35, 3, 1, 27),
(324, 31, 24, 2, 3, 24),
(325, 33, 32, 2, 3, 32),
(326, 25, 34, 0, 3, 34),
(327, 30, 22, 3, 0, 30),
(328, 28, 26, 3, 0, 28),
(329, 23, 29, 2, 3, 29),
(330, 26, 31, 0, 3, 31),
(331, 34, 27, 3, 2, 34),
(332, 24, 25, 0, 3, 25),
(333, 35, 30, 1, 3, 30),
(334, 33, 29, 3, 0, 33),
(335, 22, 28, 0, 3, 28),
(336, 32, 23, 3, 0, 32),
(337, 31, 28, 3, 0, 31),
(338, 24, 33, 1, 3, 33),
(339, 25, 35, 2, 3, 35),
(340, 27, 22, 3, 0, 27),
(341, 30, 26, 3, 0, 30),
(342, 23, 34, 0, 3, 34),
(343, 29, 32, 0, 3, 32),
(344, 26, 25, 0, 3, 25),
(345, 35, 31, 0, 3, 31),
(346, 33, 34, 2, 3, 34),
(347, 22, 23, 0, 3, 23),
(348, 28, 30, 0, 3, 30),
(349, 32, 24, 3, 0, 32),
(350, 29, 27, 1, 3, 27),
(351, 23, 35, 3, 1, 23),
(352, 31, 22, 3, 1, 31),
(353, 27, 30, 3, 2, 27),
(354, 25, 28, 1, 3, 28),
(355, 33, 26, 3, 0, 33),
(356, 34, 32, 0, 3, 32),
(357, 24, 29, 1, 3, 29),
(358, 28, 32, 0, 3, 32),
(359, 26, 23, 1, 3, 23),
(360, 22, 25, 3, 1, 22),
(361, 30, 31, 3, 1, 30),
(362, 35, 33, 3, 1, 35),
(363, 29, 34, 0, 3, 34),
(364, 24, 27, 0, 3, 27),
(365, 25, 30, 0, 3, 30),
(366, 32, 22, 3, 1, 32),
(367, 29, 35, 3, 2, 29),
(368, 33, 31, 3, 0, 33),
(369, 23, 28, 3, 2, 23),
(370, 34, 24, 3, 0, 34),
(371, 27, 26, 2, 3, 26),
(372, 31, 25, 2, 3, 25),
(373, 32, 35, 3, 1, 32),
(374, 22, 33, 3, 2, 22),
(375, 28, 27, 1, 3, 27),
(376, 30, 34, 3, 0, 30),
(377, 26, 29, 2, 3, 29),
(378, 23, 24, 2, 3, 24);

-- --------------------------------------------------------

--
-- Struttura della tabella `sport`
--

CREATE TABLE `sport` (
  `id` int(11) NOT NULL,
  `nome` varchar(100) NOT NULL DEFAULT '0'
) ENGINE=InnoDB DEFAULT CHARSET=utf8mb4 COLLATE=utf8mb4_general_ci;

--
-- Dump dei dati per la tabella `sport`
--

INSERT INTO `sport` (`id`, `nome`) VALUES
(1, 'Basket'),
(2, 'Pallavolo_F');

-- --------------------------------------------------------

--
-- Struttura della tabella `squadra`
--

CREATE TABLE `squadra` (
  `id` int(11) NOT NULL,
  `nome` varchar(200) NOT NULL,
  `logo` tinytext NOT NULL,
  `id_sport` int(11) NOT NULL
) ENGINE=InnoDB DEFAULT CHARSET=utf8mb4 COLLATE=utf8mb4_general_ci;

--
-- Dump dei dati per la tabella `squadra`
--

INSERT INTO `squadra` (`id`, `nome`, `logo`, `id_sport`) VALUES
(1, 'Virtus Bologna', 'img/bologna.png', 1),
(2, 'Olimpia Milano', 'img/milano.png', 1),
(3, 'Pallacanestro Brescia', 'img/brescia.png', 1),
(4, 'Reyer Venezia', 'img/venezia.png', 1),
(5, 'Derthona Basket', 'img/tortona.png', 1),
(6, 'Dinamo Sassari', 'img/sassari.png', 1),
(7, 'Pallacanestro Reggiana', 'img/reggioemilia.png', 1),
(8, 'Aquila Basket Trento', 'img/trento.png', 1),
(9, 'Pallacanestro Varese', 'img/varese.png', 1),
(11, 'Napoli Basket', 'img/napoli.png', 1),
(13, 'Universo Treviso Basket', 'img/treviso.png', 1),
(14, 'Pallacanestro Trieste', 'img/trieste.png', 1),
(16, 'Vanoli Cremona', 'img/cremona.png', 1),
(20, 'APU Udine', 'img/udine.png', 1),
(21, 'Pallacanestro Cantù', 'img/cantu.png', 1),
(22, 'Bartoccini-Mc Restauri Perugia', 'img/perugia.png', 2),
(23, 'Bergamo', 'img/bergamo.png', 2),
(24, 'Cbf Balducci Hr Macerata', 'img/macerata.png', 2),
(25, 'Eurotek Laica Uyba', 'img/uyba.png', 2),
(26, 'Honda Cuneo Granda Volley', 'img/cuneo.png', 2),
(27, 'Igor Gorgonzola Novara', 'img/novara.png', 2),
(28, 'Il Bisonte Firenze', 'img/firenze.png', 2),
(29, 'Megabox Ond. Savio Vallefoglia', 'img/vallefoglia.png', 2),
(30, 'Numia Vero Volley Milano', 'img/veromilano.png', 2),
(31, 'Omag-Mt San Giovanni In M.No', 'img/sangiovanni.png', 2),
(32, 'Prosecco Doc A.Carraro Imoco Conegliano', 'img/conegliano.png', 2),
(33, 'Reale Mutua Fenera Chieri \'76', 'img/chieri.png', 2),
(34, 'Savino Del Bene Scandicci', 'img/scandicci.png', 2),
(35, 'Wash4green Monviso Volley', 'img/monviso.png', 2);

-- --------------------------------------------------------

--
-- Struttura della tabella `utenti`
--

CREATE TABLE `utenti` (
  `id` int(11) NOT NULL,
  `nome` varchar(100) NOT NULL,
  `cognome` varchar(100) NOT NULL,
  `email` varchar(200) NOT NULL DEFAULT '',
  `password` varchar(40) NOT NULL,
  `admin` bit(1) NOT NULL
) ENGINE=InnoDB DEFAULT CHARSET=utf8mb4 COLLATE=utf8mb4_general_ci;

--
-- Indici per le tabelle scaricate
--

--
-- Indici per le tabelle `risultato`
--
ALTER TABLE `risultato`
  ADD PRIMARY KEY (`id`),
  ADD KEY `id_squadra1` (`id_squadra1`),
  ADD KEY `id_squadra2` (`id_squadra2`),
  ADD KEY `vincitore` (`vincitore`);

--
-- Indici per le tabelle `sport`
--
ALTER TABLE `sport`
  ADD PRIMARY KEY (`id`);

--
-- Indici per le tabelle `squadra`
--
ALTER TABLE `squadra`
  ADD PRIMARY KEY (`id`),
  ADD KEY `id_sport` (`id_sport`);

--
-- Indici per le tabelle `utenti`
--
ALTER TABLE `utenti`
  ADD PRIMARY KEY (`id`),
  ADD UNIQUE KEY `email` (`email`);

--
-- AUTO_INCREMENT per le tabelle scaricate
--

--
-- AUTO_INCREMENT per la tabella `risultato`
--
ALTER TABLE `risultato`
  MODIFY `id` int(11) NOT NULL AUTO_INCREMENT, AUTO_INCREMENT=379;

--
-- AUTO_INCREMENT per la tabella `sport`
--
ALTER TABLE `sport`
  MODIFY `id` int(11) NOT NULL AUTO_INCREMENT, AUTO_INCREMENT=3;

--
-- AUTO_INCREMENT per la tabella `utenti`
--
ALTER TABLE `utenti`
  MODIFY `id` int(11) NOT NULL AUTO_INCREMENT;

--
-- Limiti per le tabelle scaricate
--

--
-- Limiti per la tabella `risultato`
--
ALTER TABLE `risultato`
  ADD CONSTRAINT `risultato_ibfk_1` FOREIGN KEY (`id_squadra1`) REFERENCES `squadra` (`id`),
  ADD CONSTRAINT `risultato_ibfk_2` FOREIGN KEY (`id_squadra2`) REFERENCES `squadra` (`id`),
  ADD CONSTRAINT `risultato_ibfk_3` FOREIGN KEY (`vincitore`) REFERENCES `squadra` (`id`);

--
-- Limiti per la tabella `squadra`
--
ALTER TABLE `squadra`
  ADD CONSTRAINT `FK_squadra_sport` FOREIGN KEY (`id_sport`) REFERENCES `sport` (`id`) ON DELETE NO ACTION ON UPDATE NO ACTION;
COMMIT;

/*!40101 SET CHARACTER_SET_CLIENT=@OLD_CHARACTER_SET_CLIENT */;
/*!40101 SET CHARACTER_SET_RESULTS=@OLD_CHARACTER_SET_RESULTS */;
/*!40101 SET COLLATION_CONNECTION=@OLD_COLLATION_CONNECTION */;
